,City,Cloudiness,Country,Date,Humidity,Lat,Lng,Max Temp,Wind Speed
0,Yulara,20,AU,1538270580,22,-25.24,130.99,297.15,10.3
1,Santa Rosa,0,AR,1538273157,61,-36.62,-64.29,282.603,4.37
2,Punta Arenas,90,CL,1538267400,93,-53.16,-70.91,275.15,6.2
3,Kodiak,90,US,1538268780,86,39.95,-94.76,288.75,2.1
4,Adrar,0,DZ,1538273161,53,27.87,-0.29,291.203,0.97
5,Ushuaia,90,AR,1538269200,99,-54.81,-68.31,273.15,7.7
6,Airai,0,TL,1538273164,40,-8.93,125.41,302.603,1.22
7,Longyearbyen,20,NO,1538272200,78,78.22,15.63,265.15,1.5
8,Cabo San Lucas,40,MX,1538268300,88,22.89,-109.91,300.15,2.1
9,Jamestown,64,AU,1538273168,30,-33.21,138.6,291.303,6.72
10,Bredasdorp,0,ZA,1538269200,87,-34.53,20.04,283.15,2.1
11,Tuatapere,0,NZ,1538273171,89,-46.13,167.69,285.253,2.27
12,Mwinilunga,68,ZM,1538273172,40,-11.73,24.43,294.053,3.37
13,Geraldton,90,CA,1538269200,74,49.72,-86.95,274.15,3.1
14,Busselton,8,AU,1538273174,95,-33.64,115.35,290.553,8.82
15,Castro,76,CL,1538273175,100,-42.48,-73.76,276.053,3.32
16,Ilulissat,48,GL,1538272200,50,69.22,-51.1,274.15,5.7
17,Narsaq,92,GL,1538272200,64,60.91,-46.05,276.15,4.1
18,Hailar,56,CN,1538273164,76,49.2,119.7,285.453,3.62
19,Nikolskoye,75,RU,1538271000,75,59.7,30.79,279.15,5.0
20,Ahipara,64,NZ,1538273183,69,-35.17,173.16,289.353,5.82
21,Iqaluit,90,CA,1538269200,100,63.75,-68.52,275.15,2.6
22,Bluff,0,AU,1538273186,34,-23.58,149.07,303.453,4.52
23,Hilo,1,US,1538268960,65,19.71,-155.08,303.75,4.1
24,Salamanca,0,ES,1538271000,93,40.97,-5.66,283.15,1.0
25,Albany,1,US,1538272260,82,42.65,-73.75,284.15,1.57
26,Los Llanos de Aridane,44,ES,1538271000,73,28.66,-17.92,296.15,4.6
27,Kaitangata,48,NZ,1538273192,87,-46.28,169.85,285.453,2.72
28,Mataura,24,NZ,1538273194,96,-46.19,168.86,286.103,1.77
29,Provideniya,92,RU,1538273195,85,64.42,-173.23,282.703,12.32
30,Virginia Beach,1,US,1538271900,92,36.85,-75.98,294.25,2.27
31,Teya,20,MX,1538268900,78,21.05,-89.07,301.15,3.1
32,Puerto Ayora,48,EC,1538273199,100,-0.74,-90.35,294.503,4.67
33,Faya,0,SA,1538269200,27,18.39,42.45,290.15,2.67
34,Rovaniemi,90,FI,1538272200,100,66.5,25.72,277.15,4.6
35,Moyale,92,ET,1538273203,98,3.52,39.05,291.603,2.12
36,Lhokseumawe,8,ID,1538273204,100,5.18,97.15,300.703,2.32
37,Rikitea,76,PF,1538273205,100,-23.12,-134.97,295.953,4.92
38,Umea,88,SE,1538272200,93,63.83,20.26,278.15,1.5
39,Richards Bay,36,ZA,1538273207,94,-28.77,32.06,289.203,0.92
40,Chokurdakh,92,RU,1538273208,94,70.62,147.9,275.603,8.32
41,Aklavik,75,CA,1538269200,78,68.22,-135.01,273.15,2.6
42,Flinders,0,AU,1538269200,48,-34.58,150.85,289.15,2.6
43,Rocha,80,UY,1538273213,98,-34.48,-54.34,291.353,3.82
44,Hobart,20,AU,1538269200,44,-42.88,147.33,289.15,8.2
45,Tolaga Bay,0,NZ,1538273245,60,-38.37,178.3,289.853,2.47
46,Puerto Suarez,88,BO,1538273246,61,-18.96,-57.8,300.203,2.27
47,Sao Jose da Coroa Grande,88,BR,1538273250,94,-8.9,-35.15,297.103,2.87
48,Cape Town,0,ZA,1538269200,87,-33.93,18.42,283.15,0.5
49,Codrington,100,AU,1538273252,100,-28.95,153.24,287.603,2.52
50,Carnarvon,0,ZA,1538273253,14,-30.97,22.13,280.153,4.12
51,Baykit,88,RU,1538273255,89,61.68,96.39,277.853,4.12
52,Vaini,24,IN,1538273256,90,15.34,74.49,297.753,1.57
53,Port Elizabeth,1,US,1538272440,83,39.31,-74.98,290.95,3.1
54,Katherine,0,AU,1538269200,21,-14.47,132.26,306.15,6.7
55,Bethel,75,US,1538268780,52,60.79,-161.76,291.45,5.7
56,Te Anau,56,NZ,1538273261,98,-45.41,167.72,283.703,1.57
57,Antofagasta,90,CL,1538269200,72,-23.65,-70.4,288.15,3.6
58,Tasiilaq,0,GL,1538272200,47,65.61,-37.64,275.15,2.1
59,Lakes Entrance,0,AU,1538273267,77,-37.88,147.99,287.753,3.12
60,Hay River,75,CA,1538269200,55,60.82,-115.79,276.15,5.7
61,Souillac,0,FR,1538272800,66,45.6,-0.6,286.15,1.5
62,Mudon,32,MM,1538273270,88,16.26,97.73,302.803,1.57
63,Faanui,8,PF,1538273271,100,-16.48,-151.75,298.653,1.87
64,Marathon,80,CA,1538273273,94,48.72,-86.38,278.453,4.72
65,Taltal,0,CL,1538273274,95,-25.41,-70.49,284.453,0.92
66,Port Hardy,75,CA,1538269200,51,50.7,-127.42,290.15,3.1
67,Khandyga,0,RU,1538273277,45,62.65,135.58,277.653,3.62
68,Tessalit,64,ML,1538273279,46,20.2,1.01,297.403,1.17
69,Yellowknife,75,CA,1538269200,96,62.45,-114.38,273.15,4.6
70,Lodja,68,CD,1538273282,93,-3.52,23.6,294.853,0.92
71,Deputatskiy,36,RU,1538273283,83,69.3,139.9,271.053,1.77
72,Broome,0,GB,1538272560,93,52.47,1.45,279.15,3.1
73,Lebu,75,ET,1538269200,58,8.96,38.73,288.15,3.6
74,Alyangula,0,AU,1538273287,80,-13.85,136.42,301.853,7.92
75,Hermanus,0,ZA,1538273288,77,-34.42,19.24,278.953,1.07
76,Oktyabrskiy,0,RU,1538271000,86,55.61,37.97,272.15,1.0
77,Barongis,0,PH,1538273290,97,6.19,124.23,301.153,2.52
78,Margate,20,AU,1538269200,44,-43.03,147.26,289.15,8.2
79,Cedar Mill,90,US,1538272560,89,45.52,-122.81,290.35,2.1
80,Peniche,20,PT,1538271000,88,39.36,-9.38,290.15,4.1
81,Tayoltita,80,MX,1538273295,91,24.11,-105.93,294.053,0.62
82,Tandil,0,AR,1538273298,92,-37.33,-59.14,282.053,2.87
83,Amurzet,0,CN,1538273299,95,47.69,131.09,290.953,1.82
84,Gaur,36,NP,1538273301,66,26.77,85.27,303.503,0.92
85,Sarny,0,UA,1538273333,75,51.32,26.62,273.103,1.37
86,Touros,88,BR,1538273334,90,-5.2,-35.46,298.103,6.17
87,Guerrero Negro,20,MX,1538273335,76,27.97,-114.04,296.453,2.12
88,Flin Flon,44,CA,1538273336,87,54.77,-101.88,274.603,5.42
89,Srednekolymsk,92,RU,1538273337,89,67.46,153.71,274.803,3.62
90,Preobrazheniye,64,RU,1538273338,57,42.9,133.91,289.403,1.17
91,Kapaa,90,US,1538268960,96,22.08,-159.32,302.55,7.2
92,East London,20,ZA,1538273342,100,-33.02,27.91,292.103,10.97
93,Zhangye,88,CN,1538273343,44,38.94,100.46,287.803,3.92
94,Riyadh,0,SA,1538269200,41,24.63,46.72,297.15,3.1
95,Omsukchan,92,RU,1538273345,95,62.53,155.8,274.353,1.57
96,Sweetwater,1,US,1538272560,71,32.47,-100.41,296.95,3.1
97,Cidreira,8,BR,1538273349,78,-30.17,-50.22,295.303,5.57
98,Pacific Grove,1,US,1538271300,68,36.62,-121.92,293.75,4.1
99,Kavaratti,12,IN,1538273351,100,10.57,72.64,300.753,2.87
100,Sitka,0,US,1538273352,62,37.17,-99.65,296.053,7.67
101,Eagan,90,US,1538272500,58,44.82,-93.17,281.45,1.5
102,Terney,0,RU,1538273354,83,45.05,136.61,289.903,1.87
103,Oshawa,1,CA,1538269200,71,43.92,-78.86,287.15,2.6
104,Abu Dhabi,32,AE,1538269200,37,24.47,54.37,304.15,0.5
105,Kavieng,0,PG,1538273359,100,-2.57,150.8,303.303,1.62
106,Caravelas,12,BR,1538273360,100,-17.73,-39.27,298.053,2.57
107,Whitehorse,20,CA,1538269200,36,60.72,-135.06,282.15,2.6
108,Kharitonovo,24,RU,1538273362,90,61.4,47.5,273.553,3.62
109,Dongsheng,0,CN,1538273363,74,29.72,112.52,300.803,2.02
110,Kruisfontein,0,ZA,1538273364,88,-34.0,24.73,288.103,7.42
111,Ribeira Grande,36,PT,1538273366,100,38.52,-28.7,294.953,8.32
112,Dikson,92,RU,1538273367,85,73.51,80.55,278.753,8.97
113,Turukhansk,64,RU,1538273369,94,65.8,87.96,279.253,5.37
114,Avera,1,US,1538271300,96,33.19,-82.53,298.15,1.5
115,Parnaiba,12,BR,1538273369,85,-2.9,-41.78,299.103,7.17
116,Quatre Cocos,40,MU,1538269200,88,-20.21,57.76,294.15,2.6
117,Tuktoyaktuk,75,CA,1538270580,86,69.44,-133.03,270.15,1.37
118,Narrabri,0,AU,1538273375,38,-30.33,149.78,295.353,4.82
119,Vestmannaeyjar,0,IS,1538273376,100,63.44,-20.27,275.203,7.87
120,Whitecourt,75,CA,1538269200,51,54.14,-115.68,275.15,3.6
121,Great Yarmouth,8,GB,1538272200,93,52.61,1.73,279.15,3.1
122,Iranshahr,0,IR,1538273379,27,27.21,60.69,288.803,0.17
123,Gioia del Colle,20,IT,1538272200,72,40.8,16.92,293.15,4.6
124,Sandwick,92,GB,1538268600,87,54.57,-2.89,282.15,10.3
125,Terrasini,0,IT,1538272500,77,38.15,13.08,291.15,2.1
126,Namibe,20,AO,1538273384,98,-15.19,12.15,293.653,1.07
127,Toppenish,75,US,1538272380,27,46.38,-120.31,292.55,4.1
128,Thompson,90,CA,1538271000,92,55.74,-97.86,272.15,3.6
129,Jega,8,NG,1538273389,88,12.22,4.38,297.053,1.22
130,Dinajpur,36,BD,1538273420,97,25.63,88.63,299.853,3.12
131,Fairbanks,1,US,1538269080,6,64.84,-147.72,290.35,3.6
132,Haines Junction,0,CA,1538273422,67,60.75,-137.51,274.603,0.92
133,Kilindoni,76,TZ,1538273424,100,-7.91,39.67,298.103,3.87
134,Ust-Omchug,76,RU,1538273426,79,61.13,149.63,272.603,3.62
135,Kahului,40,US,1538271900,62,20.89,-156.47,304.85,7.2
136,Saldanha,20,PT,1538273428,81,41.42,-6.55,286.803,1.32
137,Nadym,48,RU,1538273429,92,65.53,72.51,277.953,4.92
138,Dondo,76,MZ,1538273430,92,-19.62,34.74,295.103,8.17
139,Samarai,64,PG,1538273432,98,-10.62,150.67,299.003,8.87
140,Nome,90,US,1538272680,92,30.04,-94.42,297.55,5.47
141,Georgetown,0,GY,1538269200,94,6.8,-58.16,298.15,3.1
142,Pulheim,0,DE,1538272200,74,51.0,6.8,276.15,3.6
143,Bonthe,92,SL,1538273437,95,7.53,-12.5,298.253,2.77
144,High Level,40,CA,1538272800,59,58.52,-117.13,274.15,1.0
145,Christchurch,36,NZ,1538271000,81,-43.53,172.64,285.15,2.6
146,Yaan,24,NG,1538273440,97,7.38,8.57,295.653,3.12
147,Sibolga,8,ID,1538273441,88,1.74,98.78,298.703,0.07
148,Yar-Sale,88,RU,1538273442,100,66.83,70.83,279.103,8.42
149,Kondinskoye,8,RU,1538273444,85,59.65,67.41,279.453,3.62
150,Abbeville,0,FR,1538272800,93,50.11,1.83,278.15,0.5
151,Necochea,0,AR,1538273446,94,-38.55,-58.74,283.103,4.72
152,Yagodnoye,92,RU,1538273448,90,62.52,149.63,270.403,2.92
153,Ponta do Sol,64,BR,1538273449,78,-20.63,-46.0,293.953,2.92
154,Saskylakh,80,RU,1538273451,100,71.97,114.09,273.453,5.72
155,Naze,88,NG,1538273452,97,5.43,7.07,296.403,2.07
156,Beloha,92,MG,1538273453,86,-25.17,45.06,293.603,9.42
157,Meulaboh,80,ID,1538273454,100,4.14,96.13,298.753,2.02
158,Norman Wells,40,CA,1538269200,59,65.28,-126.83,276.15,3.1
159,Micheweni,92,TZ,1538273456,100,-4.97,39.83,298.053,7.27
160,Bilibino,76,RU,1538273458,93,68.06,166.44,282.453,2.42
161,Tiksi,88,RU,1538273459,96,71.64,128.87,274.203,3.17
162,Masallatah,0,LY,1538273460,82,32.62,14.0,284.853,1.87
163,Upernavik,80,GL,1538273461,100,72.79,-56.15,275.003,5.37
164,Severo-Kurilsk,8,RU,1538273462,83,50.68,156.12,285.203,4.12
165,Filadelfia,80,PY,1538273463,56,-22.35,-60.04,303.653,6.17
166,Tibiao,68,PH,1538273465,100,11.29,122.03,299.003,2.57
167,Alto Longa,32,BR,1538273187,27,-5.25,-42.21,305.353,4.77
168,Atuona,8,PF,1538273467,100,-9.8,-139.03,299.503,3.77
169,Qaanaaq,24,GL,1538273468,100,77.48,-69.36,264.003,2.42
170,Port Alfred,0,ZA,1538273469,90,-33.59,26.89,290.603,10.07
171,Yushu,92,CN,1538273470,100,44.84,126.53,284.803,1.87
172,Canalete,75,CO,1538269200,88,8.79,-76.24,301.15,3.87
173,Northam,20,GB,1538272200,100,51.04,-4.21,282.15,1.5
174,Jatai,0,IN,1538273475,62,28.97,76.18,300.353,1.87
175,Huarmey,8,PE,1538273476,81,-10.07,-78.15,287.053,1.52
176,Pradera,20,CO,1538269200,65,3.42,-76.24,298.15,4.6
177,Mar del Plata,0,AR,1538273381,63,-46.43,-67.52,277.303,8.07
178,Okhotsk,44,RU,1538273510,78,59.36,143.24,280.803,4.57
179,Balangiga,68,PH,1538273511,87,11.11,125.39,302.453,1.87
180,Hithadhoo,32,MV,1538273512,100,-0.6,73.08,301.203,6.17
181,Normandin,40,CA,1538269200,83,48.84,-72.53,277.15,3.1
182,Avarua,75,CK,1538269200,60,-21.21,-159.78,296.15,2.6
183,Peterhead,0,AU,1538269200,34,-34.83,138.5,291.15,5.7
184,Arlit,20,NE,1538273516,30,18.74,7.39,295.603,1.22
185,Tarbagatay,90,RU,1538271000,82,51.48,107.36,274.15,1.0
186,New Plymouth,92,NZ,1538273521,88,-39.06,174.08,286.553,7.02
187,Beyneu,20,KZ,1538273522,51,45.32,55.19,288.003,3.62
188,Opuwo,100,NA,1538273523,35,-18.06,13.84,295.353,2.67
189,Venice,1,US,1538271300,74,27.1,-82.45,302.15,3.6
190,Grand Gaube,40,MU,1538269200,88,-20.01,57.66,294.15,2.6
191,Kawardha,0,IN,1538273527,60,22.01,81.23,301.203,1.62
192,Arraial do Cabo,100,BR,1538273528,99,-22.97,-42.02,295.853,5.37
193,Portoferraio,0,IT,1538272500,82,42.81,10.31,289.15,2.1
194,Porto Novo,40,BR,1538272800,83,-23.68,-45.44,294.15,2.1
195,Chimbote,36,PE,1538273534,92,-9.08,-78.59,289.953,2.77
196,Jalu,12,LY,1538273535,43,29.03,21.55,290.503,1.12
197,Kalmunai,88,LK,1538273536,95,7.42,81.82,298.553,2.02
198,Ocean Springs,1,US,1538272380,87,30.41,-88.83,300.05,1.67
199,Brae,68,GB,1538272200,57,60.4,-1.35,283.15,8.7
200,Hamilton,20,BM,1538268900,78,32.3,-64.78,300.15,4.6
201,Kamina,12,CD,1538273542,88,-8.74,25.0,291.453,1.77
202,San Quintin,20,PH,1538269200,78,17.54,120.52,301.15,1.0
203,Verkhnevilyuysk,76,RU,1538273544,89,63.45,120.31,280.603,1.57
204,Noumea,90,NC,1538271000,39,-22.28,166.46,302.15,1.5
205,Taloqan,44,AF,1538273547,52,36.74,69.54,285.303,1.17
206,Hofn,8,IS,1538273548,100,64.25,-15.21,277.053,12.32
207,Husavik,92,CA,1538273549,82,50.56,-96.99,278.303,3.82
208,Siva,40,GR,1538268600,83,35.21,25.04,294.15,6.7
209,Waitati,24,NZ,1538273551,93,-45.75,170.57,283.353,1.97
210,Gauting,0,DE,1538272200,86,48.07,11.38,276.15,0.5
211,Dembi Dolo,64,ET,1538273555,91,8.53,34.8,290.453,2.27
212,Fortuna,0,ES,1538272800,88,38.18,-1.13,291.15,1.5
213,Gediz,76,TR,1538273557,83,38.99,29.39,281.853,1.37
214,Tecoanapa,75,MX,1538268120,79,16.99,-99.26,302.15,1.5
215,Nouadhibou,0,MR,1538273559,93,20.93,-17.03,295.303,5.27
216,Kununurra,0,AU,1538269200,43,-15.77,128.74,305.15,5.1
217,Dingle,64,PH,1538273561,92,11.0,122.67,300.203,3.17
218,New Norfolk,20,AU,1538272800,36,-42.78,147.06,291.15,7.2
219,Tezu,88,IN,1538273564,89,27.93,96.16,292.553,0.52
220,Barrow,0,AR,1538273565,88,-38.31,-60.23,281.853,4.37
221,Jaciara,56,BR,1538273596,78,-15.95,-54.98,297.103,0.67
222,Clyde River,90,CA,1538269200,92,70.47,-68.59,269.15,5.7
223,Kailua,75,US,1538271120,82,21.39,-157.74,305.35,4.1
224,Jumla,0,NP,1538273600,77,29.28,82.18,280.353,0.87
225,Say,0,NE,1538269200,65,13.1,2.36,300.15,2.6
226,Jamame,88,SO,1538273602,80,0.07,42.75,297.953,4.02
227,Altay,0,CN,1538273603,59,47.83,88.13,282.203,1.32
228,Creel,8,MX,1538273604,57,27.75,-107.63,287.553,1.77
229,Isla Mujeres,40,MX,1538268180,83,21.23,-86.73,301.15,1.0
230,Gold Coast,75,AU,1538272800,82,-28.0,153.41,290.15,4.1
231,San Andres,48,PH,1538273608,100,13.32,122.68,301.453,2.72
232,Narodychi,0,UA,1538273609,78,51.2,29.09,272.653,1.97
233,Visby,88,SE,1538272200,76,57.64,18.3,284.15,10.3
234,Antalaha,44,MG,1538273612,93,-14.9,50.28,294.053,2.72
235,Jumilla,0,ES,1538272800,87,38.47,-1.33,287.15,2.1
236,Coihaique,90,CL,1538272080,100,-45.58,-72.07,272.15,1.5
237,Broken Hill,0,AU,1538273615,39,-31.97,141.45,292.803,5.02
238,Praia da Vitoria,40,PT,1538272800,82,38.73,-27.07,293.15,9.62
239,Severo-Yeniseyskiy,92,RU,1538273617,78,60.37,93.04,279.903,3.77
240,Pierre,90,US,1538272380,89,44.37,-100.35,281.45,2.1
241,Calapi,56,PH,1538273620,96,11.94,125.02,301.903,4.02
242,Vila Velha,75,BR,1538272800,78,-3.71,-38.6,300.15,4.1
243,Atar,0,MR,1538273486,76,20.52,-13.05,294.953,1.37
244,Havre-Saint-Pierre,90,CA,1538269200,70,50.23,-63.6,279.15,5.1
245,Mashhad,0,IR,1538271000,43,36.3,59.61,284.15,2.1
246,Paray-le-Monial,0,FR,1538272800,93,46.45,4.12,280.15,1.97
247,Amapa,40,HN,1538272800,74,15.09,-87.97,300.15,3.1
248,Baiyin,0,CN,1538269200,57,36.55,104.13,283.15,1.0
249,Leningradskiy,64,RU,1538273506,82,69.38,178.42,280.303,10.22
250,Hasaki,75,JP,1538271000,100,35.73,140.83,293.15,3.6
251,Bay Roberts,90,CA,1538272800,100,47.58,-53.28,289.15,5.7
252,Dezful,0,IR,1538273633,51,32.38,48.4,289.103,1.62
253,Dunedin,24,NZ,1538273634,93,-45.87,170.5,283.353,1.97
254,Polunochnoye,8,RU,1538273636,83,60.87,60.43,275.703,3.32
255,Bambous Virieux,40,MU,1538269200,88,-20.34,57.76,294.15,2.6
256,Batagay-Alyta,76,RU,1538273639,87,67.8,130.41,269.503,1.62
257,Butaritari,8,KI,1538273640,100,3.07,172.79,302.803,3.22
258,Tigil,76,RU,1538273641,67,57.8,158.67,281.203,6.72
259,Ranot,8,TH,1538273642,96,7.78,100.32,302.503,2.22
260,Evensk,56,RU,1538273644,100,61.92,159.24,278.853,3.17
261,Dudinka,92,RU,1538273645,99,69.41,86.18,278.703,6.02
262,West Plains,1,US,1538268780,80,36.73,-91.85,292.55,2.07
263,Salalah,20,OM,1538268600,83,17.01,54.1,297.15,2.1
264,Juiz de Fora,92,BR,1538273650,97,-21.76,-43.35,292.603,1.57
265,Rawson,32,AR,1538273652,33,-43.3,-65.11,285.203,6.97
266,Torbay,90,CA,1538269200,93,47.66,-52.73,290.15,5.1
267,Lagoa,0,PT,1538272800,73,37.14,-8.45,295.15,2.1
268,Camacha,75,PT,1538272800,78,33.08,-16.33,295.15,5.7
269,Plettenberg Bay,0,ZA,1538273686,98,-34.05,23.37,289.653,5.57
270,Talnakh,92,RU,1538273687,95,69.49,88.39,278.103,6.92
271,Auki,0,NG,1538273689,91,12.18,6.51,294.853,1.17
272,Sorgun,24,TR,1538273690,84,39.81,35.19,284.303,2.42
273,Saint George,90,GR,1538272200,93,39.45,22.34,288.15,5.7
274,Xai-Xai,32,MZ,1538273692,95,-25.04,33.64,294.053,8.77
275,Port Hedland,20,AU,1538272800,25,-20.31,118.58,303.15,10.3
276,Chuy,100,UY,1538273695,96,-33.69,-53.46,292.053,1.37
277,Ketchikan,1,US,1538272560,5,55.34,-131.65,289.85,4.1
278,Winnemucca,40,US,1538272560,4,40.97,-117.74,294.25,4.1
279,Rosarito,20,CO,1538269200,73,4.91,-75.23,298.15,2.6
280,Ancud,48,CL,1538273702,72,-41.87,-73.83,277.953,3.92
281,Saint-Philippe,75,CA,1538272500,81,45.36,-73.48,286.15,2.1
282,Shache,76,CN,1538273705,47,38.42,77.24,288.303,1.12
283,Gimli,92,CA,1538273595,82,50.63,-96.99,278.303,3.82
284,Ukiah,75,US,1538272560,80,39.15,-123.21,289.85,2.6
285,Genhe,0,CN,1538273709,66,50.78,121.52,282.803,3.32
286,Erzincan,0,TR,1538272200,76,39.75,39.49,283.15,1.0
287,Muli,0,IN,1538273711,53,22.62,71.45,299.703,2.47
288,Victoria,90,BN,1538272800,74,5.28,115.24,302.15,2.1
289,Puerto Escondido,75,MX,1538268060,69,15.86,-97.07,301.15,3.6
290,Conceicao da Barra,76,BR,1538273717,98,-18.59,-39.73,297.353,1.32
291,Manicore,36,BR,1538273720,87,-5.81,-61.3,298.803,0.87
292,Lasa,12,CY,1538272800,53,34.92,32.53,298.15,3.6
293,Huilong,48,CN,1538273510,67,28.89,110.18,296.153,1.37
294,Busca,36,IT,1538273723,93,44.52,7.47,274.703,0.72
295,Kaeo,32,NZ,1538273637,52,-35.1,173.78,290.103,5.72
296,Cherskiy,36,RU,1538273725,75,68.75,161.3,279.803,1.57
297,Vilhena,0,BR,1538273726,91,-12.74,-60.15,294.853,0.87
298,Lujan,0,AR,1538273728,37,-46.57,-67.67,275.503,6.97
299,Rondonopolis,68,BR,1538273729,79,-16.46,-54.64,297.703,1.17
300,Vila Franca do Campo,40,PT,1538272800,77,37.72,-25.43,293.15,3.6
301,Alofi,8,NU,1538272800,65,-19.06,-169.92,299.15,7.7
302,Moussoro,0,TD,1538273733,73,13.64,16.49,296.353,1.22
303,Esperance,20,TT,1538269200,83,10.24,-61.45,300.15,3.1
304,Sauda,92,NO,1538273736,100,59.65,6.35,277.653,3.37
305,Siavonga,0,ZW,1538273737,45,-16.54,28.71,299.153,7.22
306,Abeche,12,TD,1538273738,64,13.83,20.83,294.953,1.87
307,Teguise,0,ES,1538272800,88,29.06,-13.56,295.15,1.0
308,Pionerskiy,24,RU,1538273740,79,61.2,62.86,277.153,3.12
309,Komsomolskiy,68,RU,1538273771,93,67.55,63.78,275.603,9.42
310,Chabahar,0,IR,1538273773,100,25.29,60.65,300.303,4.07
311,Hami,0,CN,1538273774,53,42.84,93.51,289.203,3.37
312,Cobija,20,BR,1538273775,91,-11.02,-68.77,298.053,0.77
313,Vila,0,IT,1538272200,67,45.18,8.4,287.15,2.1
314,Kjollefjord,88,NO,1538273777,100,70.95,27.35,275.853,6.02
315,Sao Joao da Barra,92,BR,1538273779,100,-21.64,-41.05,296.503,3.47
316,Inirida,20,CO,1538273780,94,3.87,-67.92,297.703,1.17
317,Atasu,0,KZ,1538273781,56,48.68,71.64,280.703,2.67
318,Nabire,36,ID,1538273782,75,-3.36,135.5,300.503,1.17
319,Dzilam Gonzalez,0,MX,1538273783,85,21.28,-88.93,298.903,2.27
320,Sola,90,FI,1538272200,93,62.78,29.36,277.15,5.1
321,Bathsheba,20,BB,1538269200,78,13.22,-59.52,300.15,8.7
322,Petatlan,75,MX,1538268000,70,17.52,-101.27,303.15,1.5
323,Disraeli,90,CA,1538269200,93,45.9,-71.36,282.15,1.52
324,Bielsk Podlaski,0,PL,1538273793,85,52.77,23.19,274.453,2.27
325,Ust-Ishim,36,RU,1538273794,84,57.69,71.17,279.603,3.47
326,East Haddam,1,US,1538272560,93,41.45,-72.46,289.25,2.07
327,Jacmel,56,HT,1538273797,99,18.24,-72.54,301.253,0.17
328,Kamyshevatskaya,48,RU,1538273798,100,46.41,37.96,290.703,2.67
329,Luderitz,0,NA,1538273523,80,-26.65,15.16,288.153,0.67
330,Aracati,8,BR,1538273800,79,-4.56,-37.77,298.553,5.17
331,Anadyr,40,RU,1538269200,93,64.73,177.51,283.15,17.0
332,Cap Malheureux,40,MU,1538269200,88,-19.98,57.61,294.15,2.6
333,Okha,12,RU,1538273804,65,53.59,142.95,284.403,6.32
334,Fukue,75,JP,1538271000,94,35.03,136.69,293.15,3.1
335,Dale,0,CN,1538273807,67,24.09,109.99,298.603,2.32
336,Palembang,40,ID,1538272800,74,-2.99,104.76,302.15,5.1
337,Padang,8,ID,1538273809,100,-0.92,100.36,298.953,0.62
338,Orocue,20,CO,1538273811,84,4.79,-71.34,299.453,3.42
339,Tateyama,75,JP,1538269200,82,36.66,137.31,293.15,1.5
340,Kieta,68,PG,1538273813,100,-6.22,155.63,299.953,0.87
341,Havoysund,32,NO,1538272200,97,71.0,24.66,276.15,6.7
342,Oranjemund,0,ZA,1538273815,76,-28.55,16.43,290.603,4.72
343,Constitucion,90,MX,1538268240,72,23.99,-104.67,291.15,5.1
344,Shimoda,75,JP,1538269200,88,34.7,138.93,295.15,6.2
345,Inta,76,RU,1538273819,94,66.04,60.13,276.353,3.37
346,Sao Filipe,88,CV,1538273820,100,14.9,-24.5,298.003,3.87
347,Dubbo,0,AU,1538272800,29,-32.25,148.6,292.15,5.7
348,Mattru,92,SL,1538273822,100,7.62,-11.83,295.753,1.82
349,Morgan City,75,US,1538271300,94,29.7,-91.21,296.15,1.5
350,Mirabad,0,IR,1538273824,27,28.27,61.33,282.203,1.17
351,Beringovskiy,92,RU,1538273826,96,63.05,179.32,282.303,8.52
352,Cabedelo,75,BR,1538269200,88,-6.97,-34.84,298.15,3.6
353,Shelburne,1,CA,1538272800,86,44.08,-80.2,284.15,1.37
354,Santa Adelia,80,BR,1538273859,80,-21.24,-48.8,294.953,1.82
355,Bama,0,CN,1538273860,61,24.14,107.25,298.753,1.62
356,San Vicente,20,SV,1538268600,94,13.64,-88.78,300.15,1.12
357,Imeni Poliny Osipenko,12,RU,1538273866,72,52.42,136.49,283.353,1.37
358,Kirkenaer,0,NO,1538273867,86,60.46,12.06,280.553,3.37
359,Bati,8,ET,1538273868,69,11.19,40.02,288.203,0.67
360,Amahai,68,ID,1538273869,100,-3.31,129.0,300.453,7.67
361,Bluefield,1,US,1538272500,100,37.27,-81.22,289.65,0.87
362,Petropavlovsk-Kamchatskiy,0,RU,1538271000,41,53.05,158.65,287.15,9.0
363,Tautira,40,PF,1538272800,65,-17.73,-149.15,300.15,7.2
364,Bada,0,NG,1538273876,88,12.41,4.51,296.303,0.97
365,Tsabong,56,BW,1538273878,52,-26.02,22.4,290.753,3.42
366,Zabol,0,IR,1538273880,60,31.03,61.49,294.553,7.47
367,San Rafael,56,AR,1538273881,87,-34.61,-68.33,280.453,1.22
368,Lokoja,32,NG,1538273883,89,7.8,6.74,297.353,1.62
369,Linjiang,64,CN,1538273834,92,41.81,126.91,284.603,1.52
370,Camocim,12,BR,1538273885,87,-2.9,-40.84,297.953,7.22
371,Morros,20,BR,1538272800,83,-2.87,-44.04,299.15,6.2
372,Vanino,0,RU,1538273887,93,53.93,40.55,271.953,2.57
373,Mithi,0,PK,1538273888,88,24.74,69.8,298.553,2.92
374,Port-Cartier,5,CA,1538272800,80,50.03,-66.88,272.15,2.6
375,Ijui,56,BR,1538273892,72,-28.39,-53.91,297.153,5.42
376,Westport,80,IE,1538273893,100,53.8,-9.52,282.453,4.92
377,Mahebourg,40,MU,1538269200,88,-20.41,57.7,294.15,2.6
378,Maniitsoq,80,GL,1538273895,94,65.42,-52.9,275.953,4.02
379,Aran,0,CH,1538272200,93,46.5,6.71,284.15,1.0
380,Lavrentiya,92,RU,1538273814,89,65.58,-170.99,281.503,10.52
381,Iquique,90,CL,1538269200,72,-20.22,-70.14,291.15,3.1
382,Porto Belo,75,BR,1538269200,88,-27.15,-48.54,295.15,4.1
383,Corpus Christi,1,US,1538272560,82,27.8,-97.4,300.35,3.1
384,Isangel,92,VU,1538273649,100,-19.55,169.27,296.253,8.97
385,Miquelon,0,PM,1538273904,95,47.1,-56.38,284.703,6.17
386,Nadadores,68,MX,1538273905,85,27.03,-101.59,293.953,0.72
387,Oranjestad,20,AW,1538269200,79,12.52,-70.03,302.15,6.7
388,Acapulco,75,MX,1538268120,79,16.86,-99.88,302.15,1.5
389,Paamiut,92,GL,1538273909,100,61.99,-49.67,276.103,15.52
390,Dhidhdhoo,56,MV,1538273910,100,6.88,73.1,300.703,5.67
391,Nyurba,92,RU,1538273912,90,63.29,118.35,281.053,1.77
392,Alfonsine,0,IT,1538272500,93,44.51,12.04,285.15,1.0
393,Khorixas,76,NA,1538273914,71,-20.37,14.96,291.753,1.82
394,Taboga,76,NG,1538273915,98,6.37,5.65,296.003,1.07
395,Natchitoches,90,US,1538271300,94,31.76,-93.09,297.05,2.12
396,Tura,24,IN,1538273948,94,25.52,90.21,299.953,1.67
397,Mount Gambier,0,AU,1538273949,75,-37.83,140.78,289.103,1.57
398,Kisangani,44,CD,1538273950,99,0.52,25.21,295.453,0.92
399,Zaqatala,75,AZ,1538269200,93,41.63,46.65,288.15,0.77
400,Bud,92,NO,1538272200,87,62.91,6.91,282.15,7.2
401,Shaunavon,12,CA,1538273954,64,49.65,-108.41,271.853,3.67
402,Ciudad Bolivar,20,VE,1538273956,64,8.12,-63.55,302.303,5.12
403,Tomatlan,76,MX,1538273957,92,19.93,-105.25,297.803,0.92
404,Along,24,IN,1538273958,79,28.17,94.8,296.553,0.77
405,Port-de-Bouc,0,FR,1538272800,100,43.4,4.98,291.15,1.5
406,Sumbe,8,AO,1538273963,100,-11.2,13.84,294.253,1.32
407,Otaru,88,JP,1538273964,99,43.18,140.99,289.153,2.12
408,Martapura,20,ID,1538272800,52,-3.41,114.85,306.15,6.7
409,Diamantina,20,BR,1538273966,73,-18.24,-43.6,294.503,4.02
410,Pevek,64,RU,1538273968,77,69.7,170.27,283.803,3.87
411,Spearfish,90,US,1538272500,81,44.49,-103.86,280.15,3.6
412,Sitangkai,0,PH,1538273974,100,4.66,119.39,302.353,1.87
413,Chancay,20,PE,1538273975,93,-11.56,-77.27,286.653,2.02
414,Todos Santos,75,MX,1538271840,74,23.45,-110.23,300.15,2.22
415,Sioux Lookout,90,CA,1538272800,64,50.1,-91.92,277.15,2.1
416,Njombe,0,TZ,1538273979,72,-9.34,34.77,284.903,2.22
417,Idrinskoye,8,RU,1538273980,63,54.37,92.14,283.253,1.62
418,Abu Kamal,0,SY,1538273982,48,34.45,40.92,292.203,1.87
419,Henties Bay,24,NA,1538273983,100,-22.12,14.28,285.803,1.22
420,Tabou,56,CI,1538273985,100,4.42,-7.36,298.703,5.67
421,Ruwi,0,OM,1538268600,94,23.6,58.55,301.15,2.1
422,Gerash,0,IR,1538269200,60,27.67,54.14,293.15,0.62
423,La Ronge,75,CA,1538269200,54,55.1,-105.3,272.15,6.2
424,Bakani,0,IN,1538273989,49,24.29,76.24,300.203,1.97
425,Segezha,48,RU,1538273991,100,63.74,34.31,276.303,4.12
426,Khatanga,20,RU,1538273901,93,71.98,102.47,280.703,6.37
427,Moose Factory,90,CA,1538272800,74,51.26,-80.61,274.15,3.6
428,Ambon,0,FR,1538272800,75,47.55,-2.56,281.15,3.1
429,Cuamba,0,MZ,1538273995,71,-14.8,36.54,291.803,3.47
430,Nanortalik,92,GL,1538273996,100,60.14,-45.24,275.153,12.42
431,Grindavik,20,IS,1538271000,80,63.84,-22.43,276.15,3.1
432,San Patricio,32,PY,1538273751,63,-26.98,-56.83,300.353,2.42
433,Marsh Harbour,44,BS,1538274001,100,26.54,-77.06,301.603,8.82
434,Sarangarh,0,IN,1538274003,70,21.6,83.08,302.953,2.07
435,Anchorage,1,US,1538272560,51,61.22,-149.89,290.35,2.6
436,Chiang Klang,75,TH,1538272800,100,19.29,100.86,298.15,1.5
437,El Sauzal,0,AR,1538269200,48,-24.3,-64.96,301.15,3.6
438,Pacifica,75,US,1538272740,67,37.61,-122.49,294.25,3.6
439,Coquimbo,0,CL,1538269200,87,-29.95,-71.34,286.15,1.0
440,Cairns,20,AU,1538272800,39,-16.92,145.77,302.15,8.7
441,Ndioum,36,SN,1538274041,84,16.51,-14.65,299.203,3.12
442,Seoul,20,KR,1538272800,56,37.57,126.98,295.15,5.1
443,Trofors,92,NO,1538272200,81,65.54,13.39,281.15,5.7
444,Bani,48,PH,1538274044,89,15.89,120.27,301.203,2.27
445,Carbonia,20,IT,1538272200,77,39.17,8.53,290.15,2.6
446,Magadan,40,RU,1538271000,57,59.56,150.8,282.15,3.0
447,Bojnurd,0,IR,1538269200,46,37.47,57.33,283.15,1.0
448,Puerto Ayacucho,36,CO,1538274049,96,5.66,-67.63,297.353,0.77
449,Gorontalo,0,ID,1538273843,55,0.54,123.06,304.453,2.27
450,Buala,92,SB,1538274051,84,-8.15,159.59,302.553,2.27
451,Kendari,80,ID,1538274052,66,-3.99,122.52,302.603,2.07
452,Laguna,75,MX,1538272140,69,27.52,-110.01,301.15,2.1
453,Wewak,44,PG,1538273798,64,-3.55,143.63,304.353,1.62
454,Belmonte,8,PT,1538274056,80,40.36,-7.35,285.353,1.37
455,Fort Nelson,20,CA,1538272800,59,58.81,-122.69,275.15,1.0
456,Sibu,75,MY,1538272800,78,2.29,111.83,301.15,2.1
457,Skoghall,92,SE,1538272200,76,59.32,13.47,283.15,5.1
458,Goderich,8,CA,1538274060,84,43.74,-81.71,281.053,2.57
459,Taphan Hin,75,TH,1538272800,88,16.22,100.43,299.15,4.1
460,Ornskoldsvik,24,SE,1538272200,86,63.29,18.72,277.15,3.1
461,Danielskuil,0,ZA,1538274064,26,-28.19,23.54,283.803,3.42
462,Mayo,40,CA,1538272800,48,63.59,-135.9,277.15,1.0
463,Saint Anthony,1,US,1538272560,35,43.97,-111.68,291.45,3.1
464,Mercedes,56,UY,1538274067,94,-33.25,-58.03,288.953,3.87
465,Kerman,0,IR,1538269200,26,30.29,57.06,282.15,2.1
466,Chake Chake,92,TZ,1538274070,98,-5.25,39.77,298.303,6.12
467,Znamenskoye,20,RU,1538274071,73,57.13,73.82,281.703,4.22
468,Jardim,8,BR,1538274072,66,-21.48,-56.15,296.153,3.37
469,Yining,0,CN,1538274073,50,29.04,114.56,297.753,1.57
470,Taoudenni,56,ML,1538274075,31,22.68,-3.98,296.603,2.12
471,Eureka,90,US,1538272500,96,40.8,-124.16,288.75,2.1
472,Lazo,0,MD,1538274077,100,47.89,27.93,275.103,2.57
473,Fare,0,PF,1538274079,100,-16.7,-151.02,298.553,3.17
474,Moratuwa,20,LK,1538269800,88,6.77,79.88,297.15,1.5
475,Igarka,32,RU,1538274082,89,67.47,86.57,279.203,6.17
476,Rabo de Peixe,40,PT,1538272800,77,37.8,-25.58,293.15,3.6
477,Ixtapa,75,MX,1538271900,74,20.71,-105.21,303.15,3.1
478,Les Cayes,12,HT,1538274086,99,18.19,-73.75,301.903,1.97
479,Tiarei,40,PF,1538272800,65,-17.53,-149.33,300.15,7.2
480,Finschhafen,0,PG,1538274088,69,-6.6,147.85,300.703,1.57
481,Mayumba,92,GA,1538274089,100,-3.44,10.65,296.703,2.87
482,Hope,90,CA,1538273040,58,49.38,-121.43,288.15,2.1
483,Worland,90,US,1538272380,68,44.02,-107.96,281.45,3.6
484,Riacho de Santana,0,BR,1538274123,34,-13.61,-42.94,298.203,6.12
485,Iskateley,0,RU,1538274124,93,67.68,53.15,275.853,8.87
486,Hambantota,92,LK,1538274125,100,6.12,81.12,298.053,3.92
487,Hanmer Springs,88,NZ,1538274127,53,-42.52,172.83,285.853,4.47
488,Kirakira,56,SB,1538274128,100,-10.46,161.92,299.803,2.42
489,Bowen,40,AU,1538269200,51,-20.01,148.25,300.15,7.2
490,Ryotsu,75,JP,1538269200,78,38.08,138.43,295.15,4.1
491,San Cristobal,75,EC,1538269200,67,-0.39,-78.55,288.15,7.2
492,Caldwell,1,US,1538272560,39,43.67,-116.69,295.95,2.6
493,San Matias,75,HN,1538272800,100,13.97,-86.63,291.15,2.1
494,Ouadda,0,CF,1538274137,93,8.07,22.4,292.553,3.02
495,Huambo,44,AO,1538274138,94,-12.78,15.73,285.303,0.47
496,Durban,0,FR,1538272800,82,43.54,0.58,286.15,2.1
497,Kalawit,20,PH,1538274140,93,7.91,122.53,301.203,1.62
498,Ust-Nera,12,RU,1538274142,81,64.57,143.24,270.303,1.87
499,College,1,US,1538272680,6,64.86,-147.8,289.95,2.1
500,Nuevo Casas Grandes,0,MX,1538274144,52,30.42,-107.91,290.103,1.17
501,Praia,0,BR,1538269200,73,-20.25,-43.81,296.15,2.6
502,Qasigiannguit,48,GL,1538272200,50,68.82,-51.19,274.15,5.7
503,Nantucket,75,US,1538273700,90,41.28,-70.1,289.85,2.22
504,Eydhafushi,100,MV,1538274148,100,5.1,73.07,301.553,7.52
505,Caohai,92,CN,1538274150,100,26.87,104.28,286.853,1.62
506,Muros,0,ES,1538272800,88,42.77,-9.06,290.15,1.5
507,Upington,0,ZA,1538272800,11,-28.46,21.24,293.15,3.6
508,Santa Cruz,75,US,1538272740,80,36.97,-122.03,294.25,3.1
509,Rincon,20,US,1538272560,90,32.3,-81.24,299.15,2.6
510,Damghan,0,IR,1538274156,71,36.17,54.34,284.803,1.22
511,Houma,12,CN,1538274158,40,35.63,111.36,288.853,3.47
512,Horta,0,ES,1538272800,82,41.43,2.16,292.15,3.02
513,Bembereke,8,BJ,1538274160,97,10.23,2.66,294.203,1.32
514,Bharatpur,0,NP,1538274161,68,27.68,84.43,300.653,1.42
515,Zabolotiv,0,UA,1538271000,100,48.47,25.28,276.15,1.37
516,Swansea,90,GB,1538272200,87,51.62,-3.95,286.15,4.1
517,Najran,0,SA,1538269200,28,17.54,44.22,294.15,1.67
518,Lovozero,92,RU,1538274168,99,68.01,35.02,273.153,2.92
519,Carutapera,80,BR,1538274169,84,-1.2,-46.02,299.653,4.97
520,Areosa,75,PT,1538272800,100,41.72,-8.86,289.15,2.32
521,Lebedinyy,92,RU,1538274171,99,58.52,125.52,277.553,3.37
522,Mitsamiouli,0,KM,1538274172,100,-11.38,43.28,297.203,3.02
523,Edson,90,CA,1538272800,59,53.59,-116.44,274.15,2.6
524,Scarborough,32,GB,1538272200,81,54.28,-0.41,284.15,3.6
525,Danilovka,92,RU,1538274176,90,50.35,44.12,280.503,6.07
526,Manokwari,88,ID,1538274177,100,-0.87,134.08,300.703,2.02
527,Zhanaozen,76,KZ,1538274178,70,43.35,52.85,290.253,1.67
528,Khambi-Irze,0,RU,1538274179,81,43.23,45.45,279.353,0.92
529,Sandakan,75,MY,1538272800,79,5.84,118.12,303.15,3.1
530,Bandarbeyla,12,SO,1538274212,98,9.49,50.81,298.203,7.17
531,Semnan,0,IR,1538274213,53,35.58,53.39,285.753,1.22
532,Saint-Georges,88,CA,1538274201,88,46.12,-70.67,279.953,1.77
533,Beni,36,CD,1538274215,92,0.49,29.47,289.353,1.22
534,Puerto Madryn,0,AR,1538274216,58,-42.77,-65.04,286.403,9.27
535,Masunga,0,BW,1538274218,57,-20.62,27.45,288.953,9.72
536,Marawi,8,PH,1538274214,66,8.0,124.29,301.403,1.62
537,Siniscola,0,IT,1538272200,87,40.57,9.69,286.15,1.5
538,Namatanai,0,PG,1538274223,90,-3.66,152.44,303.103,2.97
539,Merauke,8,ID,1538274224,58,-8.49,140.4,304.653,5.92
540,Kindu,8,CD,1538274225,95,-2.95,25.92,293.503,0.77
541,Banyo,68,CM,1538274226,97,6.75,11.81,289.453,1.37
542,Cortes,36,PH,1538274228,84,9.28,126.19,302.003,0.87
543,Sao Miguel do Tapuio,8,BR,1538274229,34,-5.5,-41.32,300.603,4.12
544,Sorland,76,NO,1538274230,100,67.67,12.69,282.553,8.52
545,Katobu,80,ID,1538274231,83,-4.94,122.53,301.953,2.32
546,Awjilah,0,LY,1538274232,61,29.14,21.3,289.153,0.67
547,Ozinki,64,RU,1538274059,81,51.2,49.73,281.453,4.12
548,Shingu,75,JP,1538269200,78,33.72,135.99,301.15,9.8
549,Port Blair,0,IN,1538274236,100,11.67,92.75,301.803,1.22
550,Baikunthpur,0,IN,1538274237,69,23.26,82.56,299.803,1.62
551,Zyryanka,92,RU,1538274238,90,65.73,150.89,274.953,4.82
552,Constantine,0,DZ,1538272800,81,36.36,6.61,285.15,1.87
553,Hannibal,90,US,1538272500,59,39.71,-91.36,289.25,3.6
554,Stryn,92,NO,1538274241,100,61.9,6.72,274.853,0.77
555,Anshun,20,CN,1538274243,66,26.25,105.93,293.003,3.12
556,Stara Zagora,92,BG,1538274244,98,42.42,25.63,283.253,2.72
557,Kutahya,0,TR,1538272200,93,39.42,29.98,284.15,1.0
558,Pangoa,8,PE,1538274246,95,-12.12,-73.0,290.853,0.87
